﻿<?xml version="1.0" encoding="utf-8"?>
<Partcipants>
  <Participant ID="1">
    <Name>Arjun</Name>
  </Participant>
  <Participant ID="3">
    <Name>yagnesh</Name>
  </Participant>
  <Participant ID="5">
    <Name>trisha_deepak kumar_intersoft</Name>
  </Participant>
  <Participant ID="5">
    <Name>trisha_deepak kumar_intersoft</Name>
  </Participant>
  <Participant ID="5">
    <Name>trisha_deepak kumar_intersoft</Name>
  </Participant>
  <Participant ID="5">
    <Name>trisha_deepak kumar_intersoft</Name>
  </Participant>
  <Participant ID="5">
    <Name>trisha_deepak kumar_intersoft</Name>
  </Participant>
</Partcipants>